<?xml version='1.0'?>
<TOC>
<ENTRY HREF='overview-summary.html'><TITLE>jEdit API Reference</TITLE><ENTRY HREF='org/gjt/sp/jedit/package-summary.html'><TITLE>org.gjt.sp.jedit</TITLE>
<ENTRY HREF='org/gjt/sp/jedit/Abbrevs.html'><TITLE>Abbrevs</TITLE>
</ENTRY><ENTRY HREF='org/gjt/sp/jedit/AbstractOptionPane.html'><TITLE>AbstractOptionPane</TITLE>
</ENTRY><ENTRY HREF='org/gjt/sp/jedit/ActionContext.html'><TITLE>ActionContext</TITLE>
</ENTRY><ENTRY HREF='org/gjt/sp/jedit/ActionSet.html'><TITLE>ActionSet</TITLE>
</ENTRY><ENTRY HREF='org/gjt/sp/jedit/BeanShell.html'><TITLE>BeanShell</TITLE>
</ENTRY><ENTRY HREF='org/gjt/sp/jedit/BeanShellAction.html'><TITLE>BeanShellAction</TITLE>
</ENTRY><ENTRY HREF='org/gjt/sp/jedit/BeanShellFacade.html'><TITLE>BeanShellFacade</TITLE>
</ENTRY><ENTRY HREF='org/gjt/sp/jedit/Buffer.html'><TITLE>Buffer</TITLE>
</ENTRY><ENTRY HREF='org/gjt/sp/jedit/BufferHistory.html'><TITLE>BufferHistory</TITLE>
</ENTRY><ENTRY HREF='org/gjt/sp/jedit/BufferHistory.Entry.html'><TITLE>BufferHistory.Entry</TITLE>
</ENTRY><ENTRY HREF='org/gjt/sp/jedit/Debug.html'><TITLE>Debug</TITLE>
</ENTRY><ENTRY HREF='org/gjt/sp/jedit/EBComponent.html'><TITLE>EBComponent</TITLE>
</ENTRY><ENTRY HREF='org/gjt/sp/jedit/EBMessage.html'><TITLE>EBMessage</TITLE>
</ENTRY><ENTRY HREF='org/gjt/sp/jedit/EBPlugin.html'><TITLE>EBPlugin</TITLE>
</ENTRY><ENTRY HREF='org/gjt/sp/jedit/EditAction.html'><TITLE>EditAction</TITLE>
</ENTRY><ENTRY HREF='org/gjt/sp/jedit/EditAction.Wrapper.html'><TITLE>EditAction.Wrapper</TITLE>
</ENTRY><ENTRY HREF='org/gjt/sp/jedit/EditBus.html'><TITLE>EditBus</TITLE>
</ENTRY><ENTRY HREF='org/gjt/sp/jedit/EditBus.EBHandler.html'><TITLE>EditBus.EBHandler</TITLE>
</ENTRY><ENTRY HREF='org/gjt/sp/jedit/EditPane.html'><TITLE>EditPane</TITLE>
</ENTRY><ENTRY HREF='org/gjt/sp/jedit/EditPlugin.html'><TITLE>EditPlugin</TITLE>
</ENTRY><ENTRY HREF='org/gjt/sp/jedit/EditPlugin.Broken.html'><TITLE>EditPlugin.Broken</TITLE>
</ENTRY><ENTRY HREF='org/gjt/sp/jedit/EditPlugin.Deferred.html'><TITLE>EditPlugin.Deferred</TITLE>
</ENTRY><ENTRY HREF='org/gjt/sp/jedit/EditServer.html'><TITLE>EditServer</TITLE>
</ENTRY><ENTRY HREF='org/gjt/sp/jedit/GUIUtilities.html'><TITLE>GUIUtilities</TITLE>
</ENTRY><ENTRY HREF='org/gjt/sp/jedit/GUIUtilities.UnixWorkaround.html'><TITLE>GUIUtilities.UnixWorkaround</TITLE>
</ENTRY><ENTRY HREF='org/gjt/sp/jedit/IPropertyManager.html'><TITLE>IPropertyManager</TITLE>
</ENTRY><ENTRY HREF='org/gjt/sp/jedit/JARClassLoader.html'><TITLE>JARClassLoader</TITLE>
</ENTRY><ENTRY HREF='org/gjt/sp/jedit/JEditAbstractEditAction.html'><TITLE>JEditAbstractEditAction</TITLE>
</ENTRY><ENTRY HREF='org/gjt/sp/jedit/JEditActionContext.html'><TITLE>JEditActionContext</TITLE>
</ENTRY><ENTRY HREF='org/gjt/sp/jedit/JEditActionSet.html'><TITLE>JEditActionSet</TITLE>
</ENTRY><ENTRY HREF='org/gjt/sp/jedit/JEditBeanShellAction.html'><TITLE>JEditBeanShellAction</TITLE>
</ENTRY><ENTRY HREF='org/gjt/sp/jedit/LargeFileMode.html'><TITLE>LargeFileMode</TITLE>
</ENTRY><ENTRY HREF='org/gjt/sp/jedit/Macros.html'><TITLE>Macros</TITLE>
</ENTRY><ENTRY HREF='org/gjt/sp/jedit/Macros.Handler.html'><TITLE>Macros.Handler</TITLE>
</ENTRY><ENTRY HREF='org/gjt/sp/jedit/Macros.Macro.html'><TITLE>Macros.Macro</TITLE>
</ENTRY><ENTRY HREF='org/gjt/sp/jedit/Macros.Recorder.html'><TITLE>Macros.Recorder</TITLE>
</ENTRY><ENTRY HREF='org/gjt/sp/jedit/Marker.html'><TITLE>Marker</TITLE>
</ENTRY><ENTRY HREF='org/gjt/sp/jedit/MiscUtilities.html'><TITLE>MiscUtilities</TITLE>
</ENTRY><ENTRY HREF='org/gjt/sp/jedit/Mode.html'><TITLE>Mode</TITLE>
</ENTRY><ENTRY HREF='org/gjt/sp/jedit/OperatingSystem.html'><TITLE>OperatingSystem</TITLE>
</ENTRY><ENTRY HREF='org/gjt/sp/jedit/OptionGroup.html'><TITLE>OptionGroup</TITLE>
</ENTRY><ENTRY HREF='org/gjt/sp/jedit/OptionPane.html'><TITLE>OptionPane</TITLE>
</ENTRY><ENTRY HREF='org/gjt/sp/jedit/PerspectiveManager.html'><TITLE>PerspectiveManager</TITLE>
</ENTRY><ENTRY HREF='org/gjt/sp/jedit/PluginJAR.html'><TITLE>PluginJAR</TITLE>
</ENTRY><ENTRY HREF='org/gjt/sp/jedit/PluginJAR.PluginCacheEntry.html'><TITLE>PluginJAR.PluginCacheEntry</TITLE>
</ENTRY><ENTRY HREF='org/gjt/sp/jedit/RegisterSaver.html'><TITLE>RegisterSaver</TITLE>
</ENTRY><ENTRY HREF='org/gjt/sp/jedit/Registers.html'><TITLE>Registers</TITLE>
</ENTRY><ENTRY HREF='org/gjt/sp/jedit/Registers.ClipboardRegister.html'><TITLE>Registers.ClipboardRegister</TITLE>
</ENTRY><ENTRY HREF='org/gjt/sp/jedit/Registers.Register.html'><TITLE>Registers.Register</TITLE>
</ENTRY><ENTRY HREF='org/gjt/sp/jedit/RegistersListener.html'><TITLE>RegistersListener</TITLE>
</ENTRY><ENTRY HREF='org/gjt/sp/jedit/ServiceManager.html'><TITLE>ServiceManager</TITLE>
</ENTRY><ENTRY HREF='org/gjt/sp/jedit/ServiceManager.ServiceFoldHandlerProvider.html'><TITLE>ServiceManager.ServiceFoldHandlerProvider</TITLE>
</ENTRY><ENTRY HREF='org/gjt/sp/jedit/SettingsXML.html'><TITLE>SettingsXML</TITLE>
</ENTRY><ENTRY HREF='org/gjt/sp/jedit/SettingsXML.Saver.html'><TITLE>SettingsXML.Saver</TITLE>
</ENTRY><ENTRY HREF='org/gjt/sp/jedit/SplitConfigParser.html'><TITLE>SplitConfigParser</TITLE>
</ENTRY><ENTRY HREF='org/gjt/sp/jedit/TextUtilities.html'><TITLE>TextUtilities</TITLE>
</ENTRY><ENTRY HREF='org/gjt/sp/jedit/View.html'><TITLE>View</TITLE>
</ENTRY><ENTRY HREF='org/gjt/sp/jedit/View.ViewConfig.html'><TITLE>View.ViewConfig</TITLE>
</ENTRY><ENTRY HREF='org/gjt/sp/jedit/jEdit.html'><TITLE>jEdit</TITLE>
</ENTRY><ENTRY HREF='org/gjt/sp/jedit/jEdit.JEditPropertyManager.html'><TITLE>jEdit.JEditPropertyManager</TITLE>
</ENTRY></ENTRY><ENTRY HREF='org/gjt/sp/jedit/browser/package-summary.html'><TITLE>org.gjt.sp.jedit.browser</TITLE>
<ENTRY HREF='org/gjt/sp/jedit/browser/BrowserCommandsMenu.html'><TITLE>BrowserCommandsMenu</TITLE>
</ENTRY><ENTRY HREF='org/gjt/sp/jedit/browser/BrowserListener.html'><TITLE>BrowserListener</TITLE>
</ENTRY><ENTRY HREF='org/gjt/sp/jedit/browser/FileCellRenderer.html'><TITLE>FileCellRenderer</TITLE>
</ENTRY><ENTRY HREF='org/gjt/sp/jedit/browser/VFSBrowser.html'><TITLE>VFSBrowser</TITLE>
</ENTRY><ENTRY HREF='org/gjt/sp/jedit/browser/VFSBrowser.DirectoriesOnlyFilter.html'><TITLE>VFSBrowser.DirectoriesOnlyFilter</TITLE>
</ENTRY><ENTRY HREF='org/gjt/sp/jedit/browser/VFSDirectoryEntryTable.html'><TITLE>VFSDirectoryEntryTable</TITLE>
</ENTRY><ENTRY HREF='org/gjt/sp/jedit/browser/VFSDirectoryEntryTableModel.html'><TITLE>VFSDirectoryEntryTableModel</TITLE>
</ENTRY><ENTRY HREF='org/gjt/sp/jedit/browser/VFSFileChooserDialog.html'><TITLE>VFSFileChooserDialog</TITLE>
</ENTRY><ENTRY HREF='org/gjt/sp/jedit/browser/VFSFileNameField.html'><TITLE>VFSFileNameField</TITLE>
</ENTRY></ENTRY><ENTRY HREF='org/gjt/sp/jedit/bsh/package-summary.html'><TITLE>org.gjt.sp.jedit.bsh</TITLE>
<ENTRY HREF='org/gjt/sp/jedit/bsh/BSHFormalComment.html'><TITLE>BSHFormalComment</TITLE>
</ENTRY><ENTRY HREF='org/gjt/sp/jedit/bsh/BSHPackageDeclaration.html'><TITLE>BSHPackageDeclaration</TITLE>
</ENTRY><ENTRY HREF='org/gjt/sp/jedit/bsh/BshClassManager.html'><TITLE>BshClassManager</TITLE>
</ENTRY><ENTRY HREF='org/gjt/sp/jedit/bsh/BshClassManager.Listener.html'><TITLE>BshClassManager.Listener</TITLE>
</ENTRY><ENTRY HREF='org/gjt/sp/jedit/bsh/BshIterator.html'><TITLE>BshIterator</TITLE>
</ENTRY><ENTRY HREF='org/gjt/sp/jedit/bsh/BshMethod.html'><TITLE>BshMethod</TITLE>
</ENTRY><ENTRY HREF='org/gjt/sp/jedit/bsh/CallStack.html'><TITLE>CallStack</TITLE>
</ENTRY><ENTRY HREF='org/gjt/sp/jedit/bsh/Capabilities.html'><TITLE>Capabilities</TITLE>
</ENTRY><ENTRY HREF='org/gjt/sp/jedit/bsh/Capabilities.Unavailable.html'><TITLE>Capabilities.Unavailable</TITLE>
</ENTRY><ENTRY HREF='org/gjt/sp/jedit/bsh/ClassGenerator.html'><TITLE>ClassGenerator</TITLE>
</ENTRY><ENTRY HREF='org/gjt/sp/jedit/bsh/ClassGeneratorImpl.html'><TITLE>ClassGeneratorImpl</TITLE>
</ENTRY><ENTRY HREF='org/gjt/sp/jedit/bsh/ClassGeneratorUtil.html'><TITLE>ClassGeneratorUtil</TITLE>
</ENTRY><ENTRY HREF='org/gjt/sp/jedit/bsh/ClassGeneratorUtil.ConstructorArgs.html'><TITLE>ClassGeneratorUtil.ConstructorArgs</TITLE>
</ENTRY><ENTRY HREF='org/gjt/sp/jedit/bsh/ClassIdentifier.html'><TITLE>ClassIdentifier</TITLE>
</ENTRY><ENTRY HREF='org/gjt/sp/jedit/bsh/ClassPathException.html'><TITLE>ClassPathException</TITLE>
</ENTRY><ENTRY HREF='org/gjt/sp/jedit/bsh/CollectionManager.html'><TITLE>CollectionManager</TITLE>
</ENTRY><ENTRY HREF='org/gjt/sp/jedit/bsh/CollectionManager.BasicBshIterator.html'><TITLE>CollectionManager.BasicBshIterator</TITLE>
</ENTRY><ENTRY HREF='org/gjt/sp/jedit/bsh/ConsoleInterface.html'><TITLE>ConsoleInterface</TITLE>
</ENTRY><ENTRY HREF='org/gjt/sp/jedit/bsh/DelayedEvalBshMethod.html'><TITLE>DelayedEvalBshMethod</TITLE>
</ENTRY><ENTRY HREF='org/gjt/sp/jedit/bsh/EvalError.html'><TITLE>EvalError</TITLE>
</ENTRY><ENTRY HREF='org/gjt/sp/jedit/bsh/ExternalNameSpace.html'><TITLE>ExternalNameSpace</TITLE>
</ENTRY><ENTRY HREF='org/gjt/sp/jedit/bsh/Interpreter.html'><TITLE>Interpreter</TITLE>
</ENTRY><ENTRY HREF='org/gjt/sp/jedit/bsh/InterpreterError.html'><TITLE>InterpreterError</TITLE>
</ENTRY><ENTRY HREF='org/gjt/sp/jedit/bsh/JavaCharStream.html'><TITLE>JavaCharStream</TITLE>
</ENTRY><ENTRY HREF='org/gjt/sp/jedit/bsh/Modifiers.html'><TITLE>Modifiers</TITLE>
</ENTRY><ENTRY HREF='org/gjt/sp/jedit/bsh/NameSource.html'><TITLE>NameSource</TITLE>
</ENTRY><ENTRY HREF='org/gjt/sp/jedit/bsh/NameSource.Listener.html'><TITLE>NameSource.Listener</TITLE>
</ENTRY><ENTRY HREF='org/gjt/sp/jedit/bsh/NameSpace.html'><TITLE>NameSpace</TITLE>
</ENTRY><ENTRY HREF='org/gjt/sp/jedit/bsh/ParseException.html'><TITLE>ParseException</TITLE>
</ENTRY><ENTRY HREF='org/gjt/sp/jedit/bsh/Parser.html'><TITLE>Parser</TITLE>
</ENTRY><ENTRY HREF='org/gjt/sp/jedit/bsh/ParserConstants.html'><TITLE>ParserConstants</TITLE>
</ENTRY><ENTRY HREF='org/gjt/sp/jedit/bsh/ParserTokenManager.html'><TITLE>ParserTokenManager</TITLE>
</ENTRY><ENTRY HREF='org/gjt/sp/jedit/bsh/ParserTreeConstants.html'><TITLE>ParserTreeConstants</TITLE>
</ENTRY><ENTRY HREF='org/gjt/sp/jedit/bsh/Primitive.html'><TITLE>Primitive</TITLE>
</ENTRY><ENTRY HREF='org/gjt/sp/jedit/bsh/ReflectManager.html'><TITLE>ReflectManager</TITLE>
</ENTRY><ENTRY HREF='org/gjt/sp/jedit/bsh/Remote.html'><TITLE>Remote</TITLE>
</ENTRY><ENTRY HREF='org/gjt/sp/jedit/bsh/StringUtil.html'><TITLE>StringUtil</TITLE>
</ENTRY><ENTRY HREF='org/gjt/sp/jedit/bsh/TargetError.html'><TITLE>TargetError</TITLE>
</ENTRY><ENTRY HREF='org/gjt/sp/jedit/bsh/This.html'><TITLE>This</TITLE>
</ENTRY><ENTRY HREF='org/gjt/sp/jedit/bsh/Token.html'><TITLE>Token</TITLE>
</ENTRY><ENTRY HREF='org/gjt/sp/jedit/bsh/TokenMgrError.html'><TITLE>TokenMgrError</TITLE>
</ENTRY><ENTRY HREF='org/gjt/sp/jedit/bsh/UtilEvalError.html'><TITLE>UtilEvalError</TITLE>
</ENTRY><ENTRY HREF='org/gjt/sp/jedit/bsh/UtilTargetError.html'><TITLE>UtilTargetError</TITLE>
</ENTRY><ENTRY HREF='org/gjt/sp/jedit/bsh/Variable.html'><TITLE>Variable</TITLE>
</ENTRY><ENTRY HREF='org/gjt/sp/jedit/bsh/XThis.html'><TITLE>XThis</TITLE>
</ENTRY></ENTRY><ENTRY HREF='org/gjt/sp/jedit/bsh/classpath/package-summary.html'><TITLE>org.gjt.sp.jedit.bsh.classpath</TITLE>
<ENTRY HREF='org/gjt/sp/jedit/bsh/classpath/BshClassLoader.html'><TITLE>BshClassLoader</TITLE>
</ENTRY><ENTRY HREF='org/gjt/sp/jedit/bsh/classpath/BshClassPath.html'><TITLE>BshClassPath</TITLE>
</ENTRY><ENTRY HREF='org/gjt/sp/jedit/bsh/classpath/BshClassPath.AmbiguousName.html'><TITLE>BshClassPath.AmbiguousName</TITLE>
</ENTRY><ENTRY HREF='org/gjt/sp/jedit/bsh/classpath/BshClassPath.ClassSource.html'><TITLE>BshClassPath.ClassSource</TITLE>
</ENTRY><ENTRY HREF='org/gjt/sp/jedit/bsh/classpath/BshClassPath.DirClassSource.html'><TITLE>BshClassPath.DirClassSource</TITLE>
</ENTRY><ENTRY HREF='org/gjt/sp/jedit/bsh/classpath/BshClassPath.GeneratedClassSource.html'><TITLE>BshClassPath.GeneratedClassSource</TITLE>
</ENTRY><ENTRY HREF='org/gjt/sp/jedit/bsh/classpath/BshClassPath.JarClassSource.html'><TITLE>BshClassPath.JarClassSource</TITLE>
</ENTRY><ENTRY HREF='org/gjt/sp/jedit/bsh/classpath/BshClassPath.MappingFeedback.html'><TITLE>BshClassPath.MappingFeedback</TITLE>
</ENTRY><ENTRY HREF='org/gjt/sp/jedit/bsh/classpath/ClassManagerImpl.html'><TITLE>ClassManagerImpl</TITLE>
</ENTRY><ENTRY HREF='org/gjt/sp/jedit/bsh/classpath/ClassPathListener.html'><TITLE>ClassPathListener</TITLE>
</ENTRY><ENTRY HREF='org/gjt/sp/jedit/bsh/classpath/DiscreteFilesClassLoader.html'><TITLE>DiscreteFilesClassLoader</TITLE>
</ENTRY><ENTRY HREF='org/gjt/sp/jedit/bsh/classpath/DiscreteFilesClassLoader.ClassSourceMap.html'><TITLE>DiscreteFilesClassLoader.ClassSourceMap</TITLE>
</ENTRY></ENTRY><ENTRY HREF='org/gjt/sp/jedit/bsh/collection/package-summary.html'><TITLE>org.gjt.sp.jedit.bsh.collection</TITLE>
<ENTRY HREF='org/gjt/sp/jedit/bsh/collection/CollectionIterator.html'><TITLE>CollectionIterator</TITLE>
</ENTRY><ENTRY HREF='org/gjt/sp/jedit/bsh/collection/CollectionManagerImpl.html'><TITLE>CollectionManagerImpl</TITLE>
</ENTRY></ENTRY><ENTRY HREF='org/gjt/sp/jedit/bsh/commands/package-summary.html'><TITLE>org.gjt.sp.jedit.bsh.commands</TITLE>
<ENTRY HREF='org/gjt/sp/jedit/bsh/commands/dir.html'><TITLE>dir</TITLE>
</ENTRY></ENTRY><ENTRY HREF='org/gjt/sp/jedit/bsh/org/objectweb/asm/package-summary.html'><TITLE>org.gjt.sp.jedit.bsh.org.objectweb.asm</TITLE>
<ENTRY HREF='org/gjt/sp/jedit/bsh/org/objectweb/asm/ClassVisitor.html'><TITLE>ClassVisitor</TITLE>
</ENTRY><ENTRY HREF='org/gjt/sp/jedit/bsh/org/objectweb/asm/ClassWriter.html'><TITLE>ClassWriter</TITLE>
</ENTRY><ENTRY HREF='org/gjt/sp/jedit/bsh/org/objectweb/asm/CodeVisitor.html'><TITLE>CodeVisitor</TITLE>
</ENTRY><ENTRY HREF='org/gjt/sp/jedit/bsh/org/objectweb/asm/CodeWriter.html'><TITLE>CodeWriter</TITLE>
</ENTRY><ENTRY HREF='org/gjt/sp/jedit/bsh/org/objectweb/asm/Constants.html'><TITLE>Constants</TITLE>
</ENTRY><ENTRY HREF='org/gjt/sp/jedit/bsh/org/objectweb/asm/Label.html'><TITLE>Label</TITLE>
</ENTRY><ENTRY HREF='org/gjt/sp/jedit/bsh/org/objectweb/asm/Type.html'><TITLE>Type</TITLE>
</ENTRY></ENTRY><ENTRY HREF='org/gjt/sp/jedit/buffer/package-summary.html'><TITLE>org.gjt.sp.jedit.buffer</TITLE>
<ENTRY HREF='org/gjt/sp/jedit/buffer/BufferAdapter.html'><TITLE>BufferAdapter</TITLE>
</ENTRY><ENTRY HREF='org/gjt/sp/jedit/buffer/BufferListener.html'><TITLE>BufferListener</TITLE>
</ENTRY><ENTRY HREF='org/gjt/sp/jedit/buffer/BufferUndoListener.html'><TITLE>BufferUndoListener</TITLE>
</ENTRY><ENTRY HREF='org/gjt/sp/jedit/buffer/DefaultFoldHandlerProvider.html'><TITLE>DefaultFoldHandlerProvider</TITLE>
</ENTRY><ENTRY HREF='org/gjt/sp/jedit/buffer/DummyFoldHandler.html'><TITLE>DummyFoldHandler</TITLE>
</ENTRY><ENTRY HREF='org/gjt/sp/jedit/buffer/ExplicitFoldHandler.html'><TITLE>ExplicitFoldHandler</TITLE>
</ENTRY><ENTRY HREF='org/gjt/sp/jedit/buffer/FoldHandler.html'><TITLE>FoldHandler</TITLE>
</ENTRY><ENTRY HREF='org/gjt/sp/jedit/buffer/FoldHandlerProvider.html'><TITLE>FoldHandlerProvider</TITLE>
</ENTRY><ENTRY HREF='org/gjt/sp/jedit/buffer/IndentFoldHandler.html'><TITLE>IndentFoldHandler</TITLE>
</ENTRY><ENTRY HREF='org/gjt/sp/jedit/buffer/JEditBuffer.html'><TITLE>JEditBuffer</TITLE>
</ENTRY><ENTRY HREF='org/gjt/sp/jedit/buffer/JEditBuffer.PropValue.html'><TITLE>JEditBuffer.PropValue</TITLE>
</ENTRY><ENTRY HREF='org/gjt/sp/jedit/buffer/KillRing.html'><TITLE>KillRing</TITLE>
</ENTRY><ENTRY HREF='org/gjt/sp/jedit/buffer/LineManager.html'><TITLE>LineManager</TITLE>
</ENTRY><ENTRY HREF='org/gjt/sp/jedit/buffer/UndoManager.html'><TITLE>UndoManager</TITLE>
</ENTRY><ENTRY HREF='org/gjt/sp/jedit/buffer/WordWrap.html'><TITLE>WordWrap</TITLE>
</ENTRY></ENTRY><ENTRY HREF='org/gjt/sp/jedit/bufferio/package-summary.html'><TITLE>org.gjt.sp.jedit.bufferio</TITLE>
<ENTRY HREF='org/gjt/sp/jedit/bufferio/BufferAutosaveRequest.html'><TITLE>BufferAutosaveRequest</TITLE>
</ENTRY><ENTRY HREF='org/gjt/sp/jedit/bufferio/BufferIORequest.html'><TITLE>BufferIORequest</TITLE>
</ENTRY><ENTRY HREF='org/gjt/sp/jedit/bufferio/BufferInsertRequest.html'><TITLE>BufferInsertRequest</TITLE>
</ENTRY><ENTRY HREF='org/gjt/sp/jedit/bufferio/BufferLoadRequest.html'><TITLE>BufferLoadRequest</TITLE>
</ENTRY><ENTRY HREF='org/gjt/sp/jedit/bufferio/BufferSaveRequest.html'><TITLE>BufferSaveRequest</TITLE>
</ENTRY><ENTRY HREF='org/gjt/sp/jedit/bufferio/IoTask.html'><TITLE>IoTask</TITLE>
</ENTRY><ENTRY HREF='org/gjt/sp/jedit/bufferio/MarkersSaveRequest.html'><TITLE>MarkersSaveRequest</TITLE>
</ENTRY></ENTRY><ENTRY HREF='org/gjt/sp/jedit/bufferset/package-summary.html'><TITLE>org.gjt.sp.jedit.bufferset</TITLE>
<ENTRY HREF='org/gjt/sp/jedit/bufferset/BufferSet.html'><TITLE>BufferSet</TITLE>
</ENTRY><ENTRY HREF='org/gjt/sp/jedit/bufferset/BufferSet.NameSorter.html'><TITLE>BufferSet.NameSorter</TITLE>
</ENTRY><ENTRY HREF='org/gjt/sp/jedit/bufferset/BufferSet.PathSorter.html'><TITLE>BufferSet.PathSorter</TITLE>
</ENTRY><ENTRY HREF='org/gjt/sp/jedit/bufferset/BufferSet.Scope.html'><TITLE>BufferSet.Scope</TITLE>
</ENTRY><ENTRY HREF='org/gjt/sp/jedit/bufferset/BufferSetAdapter.html'><TITLE>BufferSetAdapter</TITLE>
</ENTRY><ENTRY HREF='org/gjt/sp/jedit/bufferset/BufferSetListener.html'><TITLE>BufferSetListener</TITLE>
</ENTRY><ENTRY HREF='org/gjt/sp/jedit/bufferset/BufferSetManager.html'><TITLE>BufferSetManager</TITLE>
</ENTRY></ENTRY><ENTRY HREF='org/gjt/sp/jedit/datatransfer/package-summary.html'><TITLE>org.gjt.sp.jedit.datatransfer</TITLE>
<ENTRY HREF='org/gjt/sp/jedit/datatransfer/JEditDataFlavor.html'><TITLE>JEditDataFlavor</TITLE>
</ENTRY><ENTRY HREF='org/gjt/sp/jedit/datatransfer/JEditRichText.html'><TITLE>JEditRichText</TITLE>
</ENTRY><ENTRY HREF='org/gjt/sp/jedit/datatransfer/JEditTransferable.html'><TITLE>JEditTransferable</TITLE>
</ENTRY><ENTRY HREF='org/gjt/sp/jedit/datatransfer/JEditTransferableService.html'><TITLE>JEditTransferableService</TITLE>
</ENTRY><ENTRY HREF='org/gjt/sp/jedit/datatransfer/ListVFSFileTransferable.html'><TITLE>ListVFSFileTransferable</TITLE>
</ENTRY><ENTRY HREF='org/gjt/sp/jedit/datatransfer/RichJEditTextTransferableService.html'><TITLE>RichJEditTextTransferableService</TITLE>
</ENTRY><ENTRY HREF='org/gjt/sp/jedit/datatransfer/RichTextTransferable.html'><TITLE>RichTextTransferable</TITLE>
</ENTRY><ENTRY HREF='org/gjt/sp/jedit/datatransfer/StringTransferableService.html'><TITLE>StringTransferableService</TITLE>
</ENTRY><ENTRY HREF='org/gjt/sp/jedit/datatransfer/TransferHandler.html'><TITLE>TransferHandler</TITLE>
</ENTRY></ENTRY><ENTRY HREF='org/gjt/sp/jedit/gui/package-summary.html'><TITLE>org.gjt.sp.jedit.gui</TITLE>
<ENTRY HREF='org/gjt/sp/jedit/gui/AbbrevEditor.html'><TITLE>AbbrevEditor</TITLE>
</ENTRY><ENTRY HREF='org/gjt/sp/jedit/gui/AboutDialog.html'><TITLE>AboutDialog</TITLE>
</ENTRY><ENTRY HREF='org/gjt/sp/jedit/gui/AbstractContextOptionPane.html'><TITLE>AbstractContextOptionPane</TITLE>
</ENTRY><ENTRY HREF='org/gjt/sp/jedit/gui/ActionBar.html'><TITLE>ActionBar</TITLE>
</ENTRY><ENTRY HREF='org/gjt/sp/jedit/gui/AddAbbrevDialog.html'><TITLE>AddAbbrevDialog</TITLE>
</ENTRY><ENTRY HREF='org/gjt/sp/jedit/gui/AddModeDialog.html'><TITLE>AddModeDialog</TITLE>
</ENTRY><ENTRY HREF='org/gjt/sp/jedit/gui/AnimatedIcon.html'><TITLE>AnimatedIcon</TITLE>
</ENTRY><ENTRY HREF='org/gjt/sp/jedit/gui/BeanShellErrorDialog.html'><TITLE>BeanShellErrorDialog</TITLE>
</ENTRY><ENTRY HREF='org/gjt/sp/jedit/gui/BufferOptions.html'><TITLE>BufferOptions</TITLE>
</ENTRY><ENTRY HREF='org/gjt/sp/jedit/gui/BufferSwitcher.html'><TITLE>BufferSwitcher</TITLE>
</ENTRY><ENTRY HREF='org/gjt/sp/jedit/gui/CloseDialog.html'><TITLE>CloseDialog</TITLE>
</ENTRY><ENTRY HREF='org/gjt/sp/jedit/gui/ColorChooserDialog.html'><TITLE>ColorChooserDialog</TITLE>
</ENTRY><ENTRY HREF='org/gjt/sp/jedit/gui/ColorWellButton.html'><TITLE>ColorWellButton</TITLE>
</ENTRY><ENTRY HREF='org/gjt/sp/jedit/gui/CompleteWord.html'><TITLE>CompleteWord</TITLE>
</ENTRY><ENTRY HREF='org/gjt/sp/jedit/gui/CompletionPopup.html'><TITLE>CompletionPopup</TITLE>
</ENTRY><ENTRY HREF='org/gjt/sp/jedit/gui/CompletionPopup.Candidates.html'><TITLE>CompletionPopup.Candidates</TITLE>
</ENTRY><ENTRY HREF='org/gjt/sp/jedit/gui/ContextAddDialog.html'><TITLE>ContextAddDialog</TITLE>
</ENTRY><ENTRY HREF='org/gjt/sp/jedit/gui/DefaultFocusComponent.html'><TITLE>DefaultFocusComponent</TITLE>
</ENTRY><ENTRY HREF='org/gjt/sp/jedit/gui/DefaultInputHandler.html'><TITLE>DefaultInputHandler</TITLE>
</ENTRY><ENTRY HREF='org/gjt/sp/jedit/gui/DialogChooser.html'><TITLE>DialogChooser</TITLE>
</ENTRY><ENTRY HREF='org/gjt/sp/jedit/gui/DockableLayout.html'><TITLE>DockableLayout</TITLE>
</ENTRY><ENTRY HREF='org/gjt/sp/jedit/gui/DockableWindow.html'><TITLE>DockableWindow</TITLE>
</ENTRY><ENTRY HREF='org/gjt/sp/jedit/gui/DockableWindowContainer.html'><TITLE>DockableWindowContainer</TITLE>
</ENTRY><ENTRY HREF='org/gjt/sp/jedit/gui/DockableWindowFactory.html'><TITLE>DockableWindowFactory</TITLE>
</ENTRY><ENTRY HREF='org/gjt/sp/jedit/gui/DockableWindowManager.html'><TITLE>DockableWindowManager</TITLE>
</ENTRY><ENTRY HREF='org/gjt/sp/jedit/gui/DockableWindowManager.DockingArea.html'><TITLE>DockableWindowManager.DockingArea</TITLE>
</ENTRY><ENTRY HREF='org/gjt/sp/jedit/gui/DockableWindowManager.DockingLayout.html'><TITLE>DockableWindowManager.DockingLayout</TITLE>
</ENTRY><ENTRY HREF='org/gjt/sp/jedit/gui/DockableWindowManagerImpl.html'><TITLE>DockableWindowManagerImpl</TITLE>
</ENTRY><ENTRY HREF='org/gjt/sp/jedit/gui/DockableWindowManagerImpl.DockableWindowConfig.html'><TITLE>DockableWindowManagerImpl.DockableWindowConfig</TITLE>
</ENTRY><ENTRY HREF='org/gjt/sp/jedit/gui/DockableWindowManagerImpl.DockableWindowConfig.PerspectiveHandler.html'><TITLE>DockableWindowManagerImpl.DockableWindowConfig.PerspectiveHandler</TITLE>
</ENTRY><ENTRY HREF='org/gjt/sp/jedit/gui/DockableWindowManagerProvider.html'><TITLE>DockableWindowManagerProvider</TITLE>
</ENTRY><ENTRY HREF='org/gjt/sp/jedit/gui/DockingFrameworkProvider.html'><TITLE>DockingFrameworkProvider</TITLE>
</ENTRY><ENTRY HREF='org/gjt/sp/jedit/gui/DockingLayoutManager.html'><TITLE>DockingLayoutManager</TITLE>
</ENTRY><ENTRY HREF='org/gjt/sp/jedit/gui/DropShadowBorder.html'><TITLE>DropShadowBorder</TITLE>
</ENTRY><ENTRY HREF='org/gjt/sp/jedit/gui/DynamicContextMenuService.html'><TITLE>DynamicContextMenuService</TITLE>
</ENTRY><ENTRY HREF='org/gjt/sp/jedit/gui/EditAbbrevDialog.html'><TITLE>EditAbbrevDialog</TITLE>
</ENTRY><ENTRY HREF='org/gjt/sp/jedit/gui/EnhancedButton.html'><TITLE>EnhancedButton</TITLE>
</ENTRY><ENTRY HREF='org/gjt/sp/jedit/gui/EnhancedDialog.html'><TITLE>EnhancedDialog</TITLE>
</ENTRY><ENTRY HREF='org/gjt/sp/jedit/gui/ErrorListDialog.html'><TITLE>ErrorListDialog</TITLE>
</ENTRY><ENTRY HREF='org/gjt/sp/jedit/gui/ErrorListDialog.ErrorEntry.html'><TITLE>ErrorListDialog.ErrorEntry</TITLE>
</ENTRY><ENTRY HREF='org/gjt/sp/jedit/gui/ErrorListDialog.JTextPaneSized.html'><TITLE>ErrorListDialog.JTextPaneSized</TITLE>
</ENTRY><ENTRY HREF='org/gjt/sp/jedit/gui/ExtendedGridLayout.html'><TITLE>ExtendedGridLayout</TITLE>
</ENTRY><ENTRY HREF='org/gjt/sp/jedit/gui/ExtendedGridLayoutConstraints.html'><TITLE>ExtendedGridLayoutConstraints</TITLE>
</ENTRY><ENTRY HREF='org/gjt/sp/jedit/gui/FilePropertiesDialog.html'><TITLE>FilePropertiesDialog</TITLE>
</ENTRY><ENTRY HREF='org/gjt/sp/jedit/gui/FilesChangedDialog.html'><TITLE>FilesChangedDialog</TITLE>
</ENTRY><ENTRY HREF='org/gjt/sp/jedit/gui/FilteredListModel.html'><TITLE>FilteredListModel</TITLE>
</ENTRY><ENTRY HREF='org/gjt/sp/jedit/gui/FilteredTableModel.html'><TITLE>FilteredTableModel</TITLE>
</ENTRY><ENTRY HREF='org/gjt/sp/jedit/gui/FloatingWindowContainer.html'><TITLE>FloatingWindowContainer</TITLE>
</ENTRY><ENTRY HREF='org/gjt/sp/jedit/gui/FontSelector.html'><TITLE>FontSelector</TITLE>
</ENTRY><ENTRY HREF='org/gjt/sp/jedit/gui/FontSelectorDialog.html'><TITLE>FontSelectorDialog</TITLE>
</ENTRY><ENTRY HREF='org/gjt/sp/jedit/gui/GrabKeyDialog.html'><TITLE>GrabKeyDialog</TITLE>
</ENTRY><ENTRY HREF='org/gjt/sp/jedit/gui/GrabKeyDialog.KeyBinding.html'><TITLE>GrabKeyDialog.KeyBinding</TITLE>
</ENTRY><ENTRY HREF='org/gjt/sp/jedit/gui/HistoryModel.html'><TITLE>HistoryModel</TITLE>
</ENTRY><ENTRY HREF='org/gjt/sp/jedit/gui/HistoryModelSaver.html'><TITLE>HistoryModelSaver</TITLE>
</ENTRY><ENTRY HREF='org/gjt/sp/jedit/gui/HistoryText.html'><TITLE>HistoryText</TITLE>
</ENTRY><ENTRY HREF='org/gjt/sp/jedit/gui/HistoryTextArea.html'><TITLE>HistoryTextArea</TITLE>
</ENTRY><ENTRY HREF='org/gjt/sp/jedit/gui/HistoryTextField.html'><TITLE>HistoryTextField</TITLE>
</ENTRY><ENTRY HREF='org/gjt/sp/jedit/gui/InputHandler.html'><TITLE>InputHandler</TITLE>
</ENTRY><ENTRY HREF='org/gjt/sp/jedit/gui/JCheckBoxList.html'><TITLE>JCheckBoxList</TITLE>
</ENTRY><ENTRY HREF='org/gjt/sp/jedit/gui/JCheckBoxList.Entry.html'><TITLE>JCheckBoxList.Entry</TITLE>
</ENTRY><ENTRY HREF='org/gjt/sp/jedit/gui/JEditHistoryModelSaver.html'><TITLE>JEditHistoryModelSaver</TITLE>
</ENTRY><ENTRY HREF='org/gjt/sp/jedit/gui/KeyEventTranslator.html'><TITLE>KeyEventTranslator</TITLE>
</ENTRY><ENTRY HREF='org/gjt/sp/jedit/gui/KeyEventTranslator.Key.html'><TITLE>KeyEventTranslator.Key</TITLE>
</ENTRY><ENTRY HREF='org/gjt/sp/jedit/gui/KeyEventWorkaround.html'><TITLE>KeyEventWorkaround</TITLE>
</ENTRY><ENTRY HREF='org/gjt/sp/jedit/gui/LineSepListCellRenderer.html'><TITLE>LineSepListCellRenderer</TITLE>
</ENTRY><ENTRY HREF='org/gjt/sp/jedit/gui/ListModelEditor.html'><TITLE>ListModelEditor</TITLE>
</ENTRY><ENTRY HREF='org/gjt/sp/jedit/gui/LogViewer.html'><TITLE>LogViewer</TITLE>
</ENTRY><ENTRY HREF='org/gjt/sp/jedit/gui/MarkerViewer.html'><TITLE>MarkerViewer</TITLE>
</ENTRY><ENTRY HREF='org/gjt/sp/jedit/gui/MutableListModel.html'><TITLE>MutableListModel</TITLE>
</ENTRY><ENTRY HREF='org/gjt/sp/jedit/gui/NumericTextField.html'><TITLE>NumericTextField</TITLE>
</ENTRY><ENTRY HREF='org/gjt/sp/jedit/gui/OptionsDialog.html'><TITLE>OptionsDialog</TITLE>
</ENTRY><ENTRY HREF='org/gjt/sp/jedit/gui/OptionsDialog.OptionTreeModel.html'><TITLE>OptionsDialog.OptionTreeModel</TITLE>
</ENTRY><ENTRY HREF='org/gjt/sp/jedit/gui/OptionsDialog.PaneNameRenderer.html'><TITLE>OptionsDialog.PaneNameRenderer</TITLE>
</ENTRY><ENTRY HREF='org/gjt/sp/jedit/gui/PanelWindowContainer.html'><TITLE>PanelWindowContainer</TITLE>
</ENTRY><ENTRY HREF='org/gjt/sp/jedit/gui/PanelWindowContainer.RotatedTextIcon.html'><TITLE>PanelWindowContainer.RotatedTextIcon</TITLE>
</ENTRY><ENTRY HREF='org/gjt/sp/jedit/gui/PasteFromListDialog.html'><TITLE>PasteFromListDialog</TITLE>
</ENTRY><ENTRY HREF='org/gjt/sp/jedit/gui/PasteSpecialDialog.html'><TITLE>PasteSpecialDialog</TITLE>
</ENTRY><ENTRY HREF='org/gjt/sp/jedit/gui/PingPongList.html'><TITLE>PingPongList</TITLE>
</ENTRY><ENTRY HREF='org/gjt/sp/jedit/gui/RegisterViewer.html'><TITLE>RegisterViewer</TITLE>
</ENTRY><ENTRY HREF='org/gjt/sp/jedit/gui/RolloverButton.html'><TITLE>RolloverButton</TITLE>
</ENTRY><ENTRY HREF='org/gjt/sp/jedit/gui/RolloverToggleButton.html'><TITLE>RolloverToggleButton</TITLE>
</ENTRY><ENTRY HREF='org/gjt/sp/jedit/gui/ScreenRectangleSelectionButton.html'><TITLE>ScreenRectangleSelectionButton</TITLE>
</ENTRY><ENTRY HREF='org/gjt/sp/jedit/gui/SelectLineRange.html'><TITLE>SelectLineRange</TITLE>
</ENTRY><ENTRY HREF='org/gjt/sp/jedit/gui/ShortcutPrefixActiveEvent.html'><TITLE>ShortcutPrefixActiveEvent</TITLE>
</ENTRY><ENTRY HREF='org/gjt/sp/jedit/gui/SplashScreen.html'><TITLE>SplashScreen</TITLE>
</ENTRY><ENTRY HREF='org/gjt/sp/jedit/gui/StatusBar.html'><TITLE>StatusBar</TITLE>
</ENTRY><ENTRY HREF='org/gjt/sp/jedit/gui/StyleEditor.html'><TITLE>StyleEditor</TITLE>
</ENTRY><ENTRY HREF='org/gjt/sp/jedit/gui/TaskMonitor.html'><TITLE>TaskMonitor</TITLE>
</ENTRY><ENTRY HREF='org/gjt/sp/jedit/gui/TextAreaDialog.html'><TITLE>TextAreaDialog</TITLE>
</ENTRY><ENTRY HREF='org/gjt/sp/jedit/gui/TipOfTheDay.html'><TITLE>TipOfTheDay</TITLE>
</ENTRY><ENTRY HREF='org/gjt/sp/jedit/gui/ToolBarManager.html'><TITLE>ToolBarManager</TITLE>
</ENTRY><ENTRY HREF='org/gjt/sp/jedit/gui/VariableGridLayout.html'><TITLE>VariableGridLayout</TITLE>
</ENTRY></ENTRY><ENTRY HREF='org/gjt/sp/jedit/gui/statusbar/package-summary.html'><TITLE>org.gjt.sp.jedit.gui.statusbar</TITLE>
<ENTRY HREF='org/gjt/sp/jedit/gui/statusbar/BufferSetWidgetFactory.html'><TITLE>BufferSetWidgetFactory</TITLE>
</ENTRY><ENTRY HREF='org/gjt/sp/jedit/gui/statusbar/CaretStatusWidgetFactory.html'><TITLE>CaretStatusWidgetFactory</TITLE>
</ENTRY><ENTRY HREF='org/gjt/sp/jedit/gui/statusbar/ClockWidgetFactory.html'><TITLE>ClockWidgetFactory</TITLE>
</ENTRY><ENTRY HREF='org/gjt/sp/jedit/gui/statusbar/EncodingWidgetFactory.html'><TITLE>EncodingWidgetFactory</TITLE>
</ENTRY><ENTRY HREF='org/gjt/sp/jedit/gui/statusbar/ErrorsWidgetFactory.html'><TITLE>ErrorsWidgetFactory</TITLE>
</ENTRY><ENTRY HREF='org/gjt/sp/jedit/gui/statusbar/FoldWidgetFactory.html'><TITLE>FoldWidgetFactory</TITLE>
</ENTRY><ENTRY HREF='org/gjt/sp/jedit/gui/statusbar/HighlightMouseAdapter.html'><TITLE>HighlightMouseAdapter</TITLE>
</ENTRY><ENTRY HREF='org/gjt/sp/jedit/gui/statusbar/HoverSetStatusMouseHandler.html'><TITLE>HoverSetStatusMouseHandler</TITLE>
</ENTRY><ENTRY HREF='org/gjt/sp/jedit/gui/statusbar/IndentWidgetFactory.html'><TITLE>IndentWidgetFactory</TITLE>
</ENTRY><ENTRY HREF='org/gjt/sp/jedit/gui/statusbar/LastModifiedWidgetFactory.html'><TITLE>LastModifiedWidgetFactory</TITLE>
</ENTRY><ENTRY HREF='org/gjt/sp/jedit/gui/statusbar/LastModifiedWidgetFactory.LastModifiedWidget.html'><TITLE>LastModifiedWidgetFactory.LastModifiedWidget</TITLE>
</ENTRY><ENTRY HREF='org/gjt/sp/jedit/gui/statusbar/LineSepWidgetFactory.html'><TITLE>LineSepWidgetFactory</TITLE>
</ENTRY><ENTRY HREF='org/gjt/sp/jedit/gui/statusbar/LockedWidgetFactory.html'><TITLE>LockedWidgetFactory</TITLE>
</ENTRY><ENTRY HREF='org/gjt/sp/jedit/gui/statusbar/MemoryStatusWidgetFactory.html'><TITLE>MemoryStatusWidgetFactory</TITLE>
</ENTRY><ENTRY HREF='org/gjt/sp/jedit/gui/statusbar/ModeWidgetFactory.html'><TITLE>ModeWidgetFactory</TITLE>
</ENTRY><ENTRY HREF='org/gjt/sp/jedit/gui/statusbar/MultiSelectWidgetFactory.html'><TITLE>MultiSelectWidgetFactory</TITLE>
</ENTRY><ENTRY HREF='org/gjt/sp/jedit/gui/statusbar/OverwriteWidgetFactory.html'><TITLE>OverwriteWidgetFactory</TITLE>
</ENTRY><ENTRY HREF='org/gjt/sp/jedit/gui/statusbar/RectSelectWidgetFactory.html'><TITLE>RectSelectWidgetFactory</TITLE>
</ENTRY><ENTRY HREF='org/gjt/sp/jedit/gui/statusbar/SelectionLengthWidgetFactory.html'><TITLE>SelectionLengthWidgetFactory</TITLE>
</ENTRY><ENTRY HREF='org/gjt/sp/jedit/gui/statusbar/SelectionLengthWidgetFactory.SelectionLengthWidget.html'><TITLE>SelectionLengthWidgetFactory.SelectionLengthWidget</TITLE>
</ENTRY><ENTRY HREF='org/gjt/sp/jedit/gui/statusbar/StatsBarWidgetPanel.html'><TITLE>StatsBarWidgetPanel</TITLE>
</ENTRY><ENTRY HREF='org/gjt/sp/jedit/gui/statusbar/StatusBarEventType.html'><TITLE>StatusBarEventType</TITLE>
</ENTRY><ENTRY HREF='org/gjt/sp/jedit/gui/statusbar/StatusWidgetFactory.html'><TITLE>StatusWidgetFactory</TITLE>
</ENTRY><ENTRY HREF='org/gjt/sp/jedit/gui/statusbar/TaskMonitorWidgetFactory.html'><TITLE>TaskMonitorWidgetFactory</TITLE>
</ENTRY><ENTRY HREF='org/gjt/sp/jedit/gui/statusbar/ToolTipLabel.html'><TITLE>ToolTipLabel</TITLE>
</ENTRY><ENTRY HREF='org/gjt/sp/jedit/gui/statusbar/Widget.html'><TITLE>Widget</TITLE>
</ENTRY><ENTRY HREF='org/gjt/sp/jedit/gui/statusbar/WrapWidgetFactory.html'><TITLE>WrapWidgetFactory</TITLE>
</ENTRY></ENTRY><ENTRY HREF='org/gjt/sp/jedit/gui/tray/package-summary.html'><TITLE>org.gjt.sp.jedit.gui.tray</TITLE>
<ENTRY HREF='org/gjt/sp/jedit/gui/tray/JEditSwingTrayIcon.html'><TITLE>JEditSwingTrayIcon</TITLE>
</ENTRY><ENTRY HREF='org/gjt/sp/jedit/gui/tray/JEditTrayIcon.html'><TITLE>JEditTrayIcon</TITLE>
</ENTRY><ENTRY HREF='org/gjt/sp/jedit/gui/tray/JTrayIcon.html'><TITLE>JTrayIcon</TITLE>
</ENTRY><ENTRY HREF='org/gjt/sp/jedit/gui/tray/JTrayIconManager.html'><TITLE>JTrayIconManager</TITLE>
</ENTRY></ENTRY><ENTRY HREF='org/gjt/sp/jedit/help/package-summary.html'><TITLE>org.gjt.sp.jedit.help</TITLE>
<ENTRY HREF='org/gjt/sp/jedit/help/HelpHistoryModel.html'><TITLE>HelpHistoryModel</TITLE>
</ENTRY><ENTRY HREF='org/gjt/sp/jedit/help/HelpHistoryModelListener.html'><TITLE>HelpHistoryModelListener</TITLE>
</ENTRY><ENTRY HREF='org/gjt/sp/jedit/help/HelpSearchPanel.html'><TITLE>HelpSearchPanel</TITLE>
</ENTRY><ENTRY HREF='org/gjt/sp/jedit/help/HelpSearchPanel.MouseHandler.html'><TITLE>HelpSearchPanel.MouseHandler</TITLE>
</ENTRY><ENTRY HREF='org/gjt/sp/jedit/help/HelpTOCLoader.html'><TITLE>HelpTOCLoader</TITLE>
</ENTRY><ENTRY HREF='org/gjt/sp/jedit/help/HelpTOCLoader.HelpNode.html'><TITLE>HelpTOCLoader.HelpNode</TITLE>
</ENTRY><ENTRY HREF='org/gjt/sp/jedit/help/HelpTOCPanel.html'><TITLE>HelpTOCPanel</TITLE>
</ENTRY><ENTRY HREF='org/gjt/sp/jedit/help/HelpViewer.html'><TITLE>HelpViewer</TITLE>
</ENTRY><ENTRY HREF='org/gjt/sp/jedit/help/HelpViewerInterface.html'><TITLE>HelpViewerInterface</TITLE>
</ENTRY><ENTRY HREF='org/gjt/sp/jedit/help/HistoryButton.html'><TITLE>HistoryButton</TITLE>
</ENTRY></ENTRY><ENTRY HREF='org/gjt/sp/jedit/indent/package-summary.html'><TITLE>org.gjt.sp.jedit.indent</TITLE>
<ENTRY HREF='org/gjt/sp/jedit/indent/BracketIndentRule.html'><TITLE>BracketIndentRule</TITLE>
</ENTRY><ENTRY HREF='org/gjt/sp/jedit/indent/BracketIndentRule.Brackets.html'><TITLE>BracketIndentRule.Brackets</TITLE>
</ENTRY><ENTRY HREF='org/gjt/sp/jedit/indent/CloseBracketIndentRule.html'><TITLE>CloseBracketIndentRule</TITLE>
</ENTRY><ENTRY HREF='org/gjt/sp/jedit/indent/DeepIndentRule.html'><TITLE>DeepIndentRule</TITLE>
</ENTRY><ENTRY HREF='org/gjt/sp/jedit/indent/IndentAction.html'><TITLE>IndentAction</TITLE>
</ENTRY><ENTRY HREF='org/gjt/sp/jedit/indent/IndentAction.AlignOffset.html'><TITLE>IndentAction.AlignOffset</TITLE>
</ENTRY><ENTRY HREF='org/gjt/sp/jedit/indent/IndentAction.AlignParameter.html'><TITLE>IndentAction.AlignParameter</TITLE>
</ENTRY><ENTRY HREF='org/gjt/sp/jedit/indent/IndentAction.Collapse.html'><TITLE>IndentAction.Collapse</TITLE>
</ENTRY><ENTRY HREF='org/gjt/sp/jedit/indent/IndentAction.Decrease.html'><TITLE>IndentAction.Decrease</TITLE>
</ENTRY><ENTRY HREF='org/gjt/sp/jedit/indent/IndentAction.Increase.html'><TITLE>IndentAction.Increase</TITLE>
</ENTRY><ENTRY HREF='org/gjt/sp/jedit/indent/IndentAction.NoIncrease.html'><TITLE>IndentAction.NoIncrease</TITLE>
</ENTRY><ENTRY HREF='org/gjt/sp/jedit/indent/IndentAction.Reset.html'><TITLE>IndentAction.Reset</TITLE>
</ENTRY><ENTRY HREF='org/gjt/sp/jedit/indent/IndentRule.html'><TITLE>IndentRule</TITLE>
</ENTRY><ENTRY HREF='org/gjt/sp/jedit/indent/IndentRuleFactory.html'><TITLE>IndentRuleFactory</TITLE>
</ENTRY><ENTRY HREF='org/gjt/sp/jedit/indent/OpenBracketIndentRule.html'><TITLE>OpenBracketIndentRule</TITLE>
</ENTRY><ENTRY HREF='org/gjt/sp/jedit/indent/RegexpIndentRule.html'><TITLE>RegexpIndentRule</TITLE>
</ENTRY><ENTRY HREF='org/gjt/sp/jedit/indent/WhitespaceRule.html'><TITLE>WhitespaceRule</TITLE>
</ENTRY></ENTRY><ENTRY HREF='org/gjt/sp/jedit/input/package-summary.html'><TITLE>org.gjt.sp.jedit.input</TITLE>
<ENTRY HREF='org/gjt/sp/jedit/input/AbstractInputHandler.html'><TITLE>AbstractInputHandler</TITLE>
</ENTRY><ENTRY HREF='org/gjt/sp/jedit/input/DefaultInputHandlerProvider.html'><TITLE>DefaultInputHandlerProvider</TITLE>
</ENTRY><ENTRY HREF='org/gjt/sp/jedit/input/InputHandlerProvider.html'><TITLE>InputHandlerProvider</TITLE>
</ENTRY><ENTRY HREF='org/gjt/sp/jedit/input/TextAreaInputHandler.html'><TITLE>TextAreaInputHandler</TITLE>
</ENTRY></ENTRY><ENTRY HREF='org/gjt/sp/jedit/io/package-summary.html'><TITLE>org.gjt.sp.jedit.io</TITLE>
<ENTRY HREF='org/gjt/sp/jedit/io/AutoDetection.html'><TITLE>AutoDetection</TITLE>
</ENTRY><ENTRY HREF='org/gjt/sp/jedit/io/AutoDetection.Result.html'><TITLE>AutoDetection.Result</TITLE>
</ENTRY><ENTRY HREF='org/gjt/sp/jedit/io/CharsetEncoding.html'><TITLE>CharsetEncoding</TITLE>
</ENTRY><ENTRY HREF='org/gjt/sp/jedit/io/CopyFileWorker.html'><TITLE>CopyFileWorker</TITLE>
</ENTRY><ENTRY HREF='org/gjt/sp/jedit/io/CopyFileWorker.Behavior.html'><TITLE>CopyFileWorker.Behavior</TITLE>
</ENTRY><ENTRY HREF='org/gjt/sp/jedit/io/Encoding.html'><TITLE>Encoding</TITLE>
</ENTRY><ENTRY HREF='org/gjt/sp/jedit/io/EncodingDetector.html'><TITLE>EncodingDetector</TITLE>
</ENTRY><ENTRY HREF='org/gjt/sp/jedit/io/EncodingServer.html'><TITLE>EncodingServer</TITLE>
</ENTRY><ENTRY HREF='org/gjt/sp/jedit/io/EncodingWithBOM.html'><TITLE>EncodingWithBOM</TITLE>
</ENTRY><ENTRY HREF='org/gjt/sp/jedit/io/EncodingWithBOM.Detector.html'><TITLE>EncodingWithBOM.Detector</TITLE>
</ENTRY><ENTRY HREF='org/gjt/sp/jedit/io/FavoritesVFS.html'><TITLE>FavoritesVFS</TITLE>
</ENTRY><ENTRY HREF='org/gjt/sp/jedit/io/FavoritesVFS.Favorite.html'><TITLE>FavoritesVFS.Favorite</TITLE>
</ENTRY><ENTRY HREF='org/gjt/sp/jedit/io/FileRootsVFS.html'><TITLE>FileRootsVFS</TITLE>
</ENTRY><ENTRY HREF='org/gjt/sp/jedit/io/FileVFS.html'><TITLE>FileVFS</TITLE>
</ENTRY><ENTRY HREF='org/gjt/sp/jedit/io/FileVFS.LocalFile.html'><TITLE>FileVFS.LocalFile</TITLE>
</ENTRY><ENTRY HREF='org/gjt/sp/jedit/io/GlobVFSFileFilter.html'><TITLE>GlobVFSFileFilter</TITLE>
</ENTRY><ENTRY HREF='org/gjt/sp/jedit/io/LocalFileSaveTask.html'><TITLE>LocalFileSaveTask</TITLE>
</ENTRY><ENTRY HREF='org/gjt/sp/jedit/io/RegexEncodingDetector.html'><TITLE>RegexEncodingDetector</TITLE>
</ENTRY><ENTRY HREF='org/gjt/sp/jedit/io/StaticCharsetEncodingDetector.html'><TITLE>StaticCharsetEncodingDetector</TITLE>
</ENTRY><ENTRY HREF='org/gjt/sp/jedit/io/UrlVFS.html'><TITLE>UrlVFS</TITLE>
</ENTRY><ENTRY HREF='org/gjt/sp/jedit/io/VFS.html'><TITLE>VFS</TITLE>
</ENTRY><ENTRY HREF='org/gjt/sp/jedit/io/VFS.DirectoryEntryCompare.html'><TITLE>VFS.DirectoryEntryCompare</TITLE>
</ENTRY><ENTRY HREF='org/gjt/sp/jedit/io/VFSFile.html'><TITLE>VFSFile</TITLE>
</ENTRY><ENTRY HREF='org/gjt/sp/jedit/io/VFSFileFilter.html'><TITLE>VFSFileFilter</TITLE>
</ENTRY><ENTRY HREF='org/gjt/sp/jedit/io/VFSManager.html'><TITLE>VFSManager</TITLE>
</ENTRY><ENTRY HREF='org/gjt/sp/jedit/io/XMLEncodingDetector.html'><TITLE>XMLEncodingDetector</TITLE>
</ENTRY></ENTRY><ENTRY HREF='org/gjt/sp/jedit/manager/package-summary.html'><TITLE>org.gjt.sp.jedit.manager</TITLE>
<ENTRY HREF='org/gjt/sp/jedit/manager/BufferManager.html'><TITLE>BufferManager</TITLE>
</ENTRY><ENTRY HREF='org/gjt/sp/jedit/manager/BufferManagerImpl.html'><TITLE>BufferManagerImpl</TITLE>
</ENTRY><ENTRY HREF='org/gjt/sp/jedit/manager/EditPaneManager.html'><TITLE>EditPaneManager</TITLE>
</ENTRY><ENTRY HREF='org/gjt/sp/jedit/manager/EditPaneManagerImpl.html'><TITLE>EditPaneManagerImpl</TITLE>
</ENTRY><ENTRY HREF='org/gjt/sp/jedit/manager/ViewManager.html'><TITLE>ViewManager</TITLE>
</ENTRY><ENTRY HREF='org/gjt/sp/jedit/manager/ViewManagerImpl.html'><TITLE>ViewManagerImpl</TITLE>
</ENTRY></ENTRY><ENTRY HREF='org/gjt/sp/jedit/menu/package-summary.html'><TITLE>org.gjt.sp.jedit.menu</TITLE>
<ENTRY HREF='org/gjt/sp/jedit/menu/DirectoryProvider.html'><TITLE>DirectoryProvider</TITLE>
</ENTRY><ENTRY HREF='org/gjt/sp/jedit/menu/DynamicMenuProvider.html'><TITLE>DynamicMenuProvider</TITLE>
</ENTRY><ENTRY HREF='org/gjt/sp/jedit/menu/EnhancedCheckBoxMenuItem.html'><TITLE>EnhancedCheckBoxMenuItem</TITLE>
</ENTRY><ENTRY HREF='org/gjt/sp/jedit/menu/EnhancedMenu.html'><TITLE>EnhancedMenu</TITLE>
</ENTRY><ENTRY HREF='org/gjt/sp/jedit/menu/EnhancedMenu.EditBusStub.html'><TITLE>EnhancedMenu.EditBusStub</TITLE>
</ENTRY><ENTRY HREF='org/gjt/sp/jedit/menu/EnhancedMenuItem.html'><TITLE>EnhancedMenuItem</TITLE>
</ENTRY><ENTRY HREF='org/gjt/sp/jedit/menu/FavoritesProvider.html'><TITLE>FavoritesProvider</TITLE>
</ENTRY><ENTRY HREF='org/gjt/sp/jedit/menu/MacrosProvider.html'><TITLE>MacrosProvider</TITLE>
</ENTRY><ENTRY HREF='org/gjt/sp/jedit/menu/MarkersProvider.html'><TITLE>MarkersProvider</TITLE>
</ENTRY><ENTRY HREF='org/gjt/sp/jedit/menu/MenuItemTextComparator.html'><TITLE>MenuItemTextComparator</TITLE>
</ENTRY><ENTRY HREF='org/gjt/sp/jedit/menu/PluginsProvider.html'><TITLE>PluginsProvider</TITLE>
</ENTRY><ENTRY HREF='org/gjt/sp/jedit/menu/RecentDirectoriesProvider.html'><TITLE>RecentDirectoriesProvider</TITLE>
</ENTRY><ENTRY HREF='org/gjt/sp/jedit/menu/RecentFilesProvider.html'><TITLE>RecentFilesProvider</TITLE>
</ENTRY><ENTRY HREF='org/gjt/sp/jedit/menu/ReloadWithEncodingProvider.html'><TITLE>ReloadWithEncodingProvider</TITLE>
</ENTRY></ENTRY><ENTRY HREF='org/gjt/sp/jedit/msg/package-summary.html'><TITLE>org.gjt.sp.jedit.msg</TITLE>
<ENTRY HREF='org/gjt/sp/jedit/msg/BufferChanging.html'><TITLE>BufferChanging</TITLE>
</ENTRY><ENTRY HREF='org/gjt/sp/jedit/msg/BufferUpdate.html'><TITLE>BufferUpdate</TITLE>
</ENTRY><ENTRY HREF='org/gjt/sp/jedit/msg/DockableWindowUpdate.html'><TITLE>DockableWindowUpdate</TITLE>
</ENTRY><ENTRY HREF='org/gjt/sp/jedit/msg/DynamicMenuChanged.html'><TITLE>DynamicMenuChanged</TITLE>
</ENTRY><ENTRY HREF='org/gjt/sp/jedit/msg/EditPaneUpdate.html'><TITLE>EditPaneUpdate</TITLE>
</ENTRY><ENTRY HREF='org/gjt/sp/jedit/msg/EditorExitRequested.html'><TITLE>EditorExitRequested</TITLE>
</ENTRY><ENTRY HREF='org/gjt/sp/jedit/msg/EditorExiting.html'><TITLE>EditorExiting</TITLE>
</ENTRY><ENTRY HREF='org/gjt/sp/jedit/msg/EditorStarted.html'><TITLE>EditorStarted</TITLE>
</ENTRY><ENTRY HREF='org/gjt/sp/jedit/msg/PluginUpdate.html'><TITLE>PluginUpdate</TITLE>
</ENTRY><ENTRY HREF='org/gjt/sp/jedit/msg/PositionChanging.html'><TITLE>PositionChanging</TITLE>
</ENTRY><ENTRY HREF='org/gjt/sp/jedit/msg/PropertiesChanged.html'><TITLE>PropertiesChanged</TITLE>
</ENTRY><ENTRY HREF='org/gjt/sp/jedit/msg/PropertiesChanging.html'><TITLE>PropertiesChanging</TITLE>
</ENTRY><ENTRY HREF='org/gjt/sp/jedit/msg/PropertiesChanging.State.html'><TITLE>PropertiesChanging.State</TITLE>
</ENTRY><ENTRY HREF='org/gjt/sp/jedit/msg/RegisterChanged.html'><TITLE>RegisterChanged</TITLE>
</ENTRY><ENTRY HREF='org/gjt/sp/jedit/msg/SearchSettingsChanged.html'><TITLE>SearchSettingsChanged</TITLE>
</ENTRY><ENTRY HREF='org/gjt/sp/jedit/msg/VFSPathSelected.html'><TITLE>VFSPathSelected</TITLE>
</ENTRY><ENTRY HREF='org/gjt/sp/jedit/msg/VFSUpdate.html'><TITLE>VFSUpdate</TITLE>
</ENTRY><ENTRY HREF='org/gjt/sp/jedit/msg/ViewUpdate.html'><TITLE>ViewUpdate</TITLE>
</ENTRY></ENTRY><ENTRY HREF='org/gjt/sp/jedit/options/package-summary.html'><TITLE>org.gjt.sp.jedit.options</TITLE>
<ENTRY HREF='org/gjt/sp/jedit/options/AbbrevsOptionPane.html'><TITLE>AbbrevsOptionPane</TITLE>
</ENTRY><ENTRY HREF='org/gjt/sp/jedit/options/AppearanceOptionPane.html'><TITLE>AppearanceOptionPane</TITLE>
</ENTRY><ENTRY HREF='org/gjt/sp/jedit/options/BrowserColorsOptionPane.html'><TITLE>BrowserColorsOptionPane</TITLE>
</ENTRY><ENTRY HREF='org/gjt/sp/jedit/options/BrowserContextOptionPane.html'><TITLE>BrowserContextOptionPane</TITLE>
</ENTRY><ENTRY HREF='org/gjt/sp/jedit/options/BrowserOptionPane.html'><TITLE>BrowserOptionPane</TITLE>
</ENTRY><ENTRY HREF='org/gjt/sp/jedit/options/BufferOptionPane.html'><TITLE>BufferOptionPane</TITLE>
</ENTRY><ENTRY HREF='org/gjt/sp/jedit/options/ContextOptionPane.html'><TITLE>ContextOptionPane</TITLE>
</ENTRY><ENTRY HREF='org/gjt/sp/jedit/options/DockingOptionPane.html'><TITLE>DockingOptionPane</TITLE>
</ENTRY><ENTRY HREF='org/gjt/sp/jedit/options/EditModesPane.html'><TITLE>EditModesPane</TITLE>
</ENTRY><ENTRY HREF='org/gjt/sp/jedit/options/EditingOptionPane.html'><TITLE>EditingOptionPane</TITLE>
</ENTRY><ENTRY HREF='org/gjt/sp/jedit/options/EncodingsOptionPane.html'><TITLE>EncodingsOptionPane</TITLE>
</ENTRY><ENTRY HREF='org/gjt/sp/jedit/options/FirewallOptionPane.html'><TITLE>FirewallOptionPane</TITLE>
</ENTRY><ENTRY HREF='org/gjt/sp/jedit/options/GeneralOptionPane.html'><TITLE>GeneralOptionPane</TITLE>
</ENTRY><ENTRY HREF='org/gjt/sp/jedit/options/GlobalOptions.html'><TITLE>GlobalOptions</TITLE>
</ENTRY><ENTRY HREF='org/gjt/sp/jedit/options/GutterOptionPane.html'><TITLE>GutterOptionPane</TITLE>
</ENTRY><ENTRY HREF='org/gjt/sp/jedit/options/IconTheme.html'><TITLE>IconTheme</TITLE>
</ENTRY><ENTRY HREF='org/gjt/sp/jedit/options/LargeFilesOptionPane.html'><TITLE>LargeFilesOptionPane</TITLE>
</ENTRY><ENTRY HREF='org/gjt/sp/jedit/options/ModeSettingsPane.html'><TITLE>ModeSettingsPane</TITLE>
</ENTRY><ENTRY HREF='org/gjt/sp/jedit/options/MouseOptionPane.html'><TITLE>MouseOptionPane</TITLE>
</ENTRY><ENTRY HREF='org/gjt/sp/jedit/options/PluginManagerOptionPane.html'><TITLE>PluginManagerOptionPane</TITLE>
</ENTRY><ENTRY HREF='org/gjt/sp/jedit/options/PluginOptions.html'><TITLE>PluginOptions</TITLE>
</ENTRY><ENTRY HREF='org/gjt/sp/jedit/options/PluginOptions.NoPluginsPane.html'><TITLE>PluginOptions.NoPluginsPane</TITLE>
</ENTRY><ENTRY HREF='org/gjt/sp/jedit/options/PrintOptionPane.html'><TITLE>PrintOptionPane</TITLE>
</ENTRY><ENTRY HREF='org/gjt/sp/jedit/options/SaveBackupOptionPane.html'><TITLE>SaveBackupOptionPane</TITLE>
</ENTRY><ENTRY HREF='org/gjt/sp/jedit/options/ShortcutsOptionPane.html'><TITLE>ShortcutsOptionPane</TITLE>
</ENTRY><ENTRY HREF='org/gjt/sp/jedit/options/StatusBarOptionPane.html'><TITLE>StatusBarOptionPane</TITLE>
</ENTRY><ENTRY HREF='org/gjt/sp/jedit/options/SyntaxHiliteOptionPane.html'><TITLE>SyntaxHiliteOptionPane</TITLE>
</ENTRY><ENTRY HREF='org/gjt/sp/jedit/options/TextAreaOptionPane.html'><TITLE>TextAreaOptionPane</TITLE>
</ENTRY><ENTRY HREF='org/gjt/sp/jedit/options/ToolBarOptionPane.html'><TITLE>ToolBarOptionPane</TITLE>
</ENTRY><ENTRY HREF='org/gjt/sp/jedit/options/UndoPane.html'><TITLE>UndoPane</TITLE>
</ENTRY><ENTRY HREF='org/gjt/sp/jedit/options/ViewOptionPane.html'><TITLE>ViewOptionPane</TITLE>
</ENTRY></ENTRY><ENTRY HREF='org/gjt/sp/jedit/pluginmgr/package-summary.html'><TITLE>org.gjt.sp.jedit.pluginmgr</TITLE>
<ENTRY HREF='org/gjt/sp/jedit/pluginmgr/ManagePanel.html'><TITLE>ManagePanel</TITLE>
</ENTRY><ENTRY HREF='org/gjt/sp/jedit/pluginmgr/MirrorList.html'><TITLE>MirrorList</TITLE>
</ENTRY><ENTRY HREF='org/gjt/sp/jedit/pluginmgr/MirrorList.Mirror.html'><TITLE>MirrorList.Mirror</TITLE>
</ENTRY><ENTRY HREF='org/gjt/sp/jedit/pluginmgr/PluginManager.html'><TITLE>PluginManager</TITLE>
</ENTRY><ENTRY HREF='org/gjt/sp/jedit/pluginmgr/RemotePluginList.html'><TITLE>RemotePluginList</TITLE>
</ENTRY></ENTRY><ENTRY HREF='org/gjt/sp/jedit/print/package-summary.html'><TITLE>org.gjt.sp.jedit.print</TITLE>
<ENTRY HREF='org/gjt/sp/jedit/print/BasicPrintPreviewPaneUI.html'><TITLE>BasicPrintPreviewPaneUI</TITLE>
</ENTRY><ENTRY HREF='org/gjt/sp/jedit/print/BasicPrintPreviewPaneUI.PrintPreviewRenderer.html'><TITLE>BasicPrintPreviewPaneUI.PrintPreviewRenderer</TITLE>
</ENTRY><ENTRY HREF='org/gjt/sp/jedit/print/BufferPrinter1_3.html'><TITLE>BufferPrinter1_3</TITLE>
</ENTRY><ENTRY HREF='org/gjt/sp/jedit/print/BufferPrinter1_4.html'><TITLE>BufferPrinter1_4</TITLE>
</ENTRY><ENTRY HREF='org/gjt/sp/jedit/print/BufferPrinter1_7.html'><TITLE>BufferPrinter1_7</TITLE>
</ENTRY><ENTRY HREF='org/gjt/sp/jedit/print/Margins.html'><TITLE>Margins</TITLE>
</ENTRY><ENTRY HREF='org/gjt/sp/jedit/print/PageBreakExtension.html'><TITLE>PageBreakExtension</TITLE>
</ENTRY><ENTRY HREF='org/gjt/sp/jedit/print/PrintPreview.html'><TITLE>PrintPreview</TITLE>
</ENTRY><ENTRY HREF='org/gjt/sp/jedit/print/PrintPreviewModel.html'><TITLE>PrintPreviewModel</TITLE>
</ENTRY><ENTRY HREF='org/gjt/sp/jedit/print/PrintPreviewModel.Zoom.html'><TITLE>PrintPreviewModel.Zoom</TITLE>
</ENTRY><ENTRY HREF='org/gjt/sp/jedit/print/PrintPreviewPane.html'><TITLE>PrintPreviewPane</TITLE>
</ENTRY><ENTRY HREF='org/gjt/sp/jedit/print/PrintPreviewPaneUI.html'><TITLE>PrintPreviewPaneUI</TITLE>
</ENTRY><ENTRY HREF='org/gjt/sp/jedit/print/PrintRangeType.html'><TITLE>PrintRangeType</TITLE>
</ENTRY><ENTRY HREF='org/gjt/sp/jedit/print/PrinterDialog.html'><TITLE>PrinterDialog</TITLE>
</ENTRY><ENTRY HREF='org/gjt/sp/jedit/print/Range.html'><TITLE>Range</TITLE>
</ENTRY><ENTRY HREF='org/gjt/sp/jedit/print/Reverse.html'><TITLE>Reverse</TITLE>
</ENTRY></ENTRY><ENTRY HREF='org/gjt/sp/jedit/proto/jeditresource/package-summary.html'><TITLE>org.gjt.sp.jedit.proto.jeditresource</TITLE>
<ENTRY HREF='org/gjt/sp/jedit/proto/jeditresource/Handler.html'><TITLE>Handler</TITLE>
</ENTRY><ENTRY HREF='org/gjt/sp/jedit/proto/jeditresource/PluginResURLConnection.html'><TITLE>PluginResURLConnection</TITLE>
</ENTRY></ENTRY><ENTRY HREF='org/gjt/sp/jedit/search/package-summary.html'><TITLE>org.gjt.sp.jedit.search</TITLE>
<ENTRY HREF='org/gjt/sp/jedit/search/AllBufferSet.html'><TITLE>AllBufferSet</TITLE>
</ENTRY><ENTRY HREF='org/gjt/sp/jedit/search/BoyerMooreSearchMatcher.html'><TITLE>BoyerMooreSearchMatcher</TITLE>
</ENTRY><ENTRY HREF='org/gjt/sp/jedit/search/BufferListSet.html'><TITLE>BufferListSet</TITLE>
</ENTRY><ENTRY HREF='org/gjt/sp/jedit/search/CurrentBufferSet.html'><TITLE>CurrentBufferSet</TITLE>
</ENTRY><ENTRY HREF='org/gjt/sp/jedit/search/DirectoryListSet.html'><TITLE>DirectoryListSet</TITLE>
</ENTRY><ENTRY HREF='org/gjt/sp/jedit/search/HyperSearchFileNode.html'><TITLE>HyperSearchFileNode</TITLE>
</ENTRY><ENTRY HREF='org/gjt/sp/jedit/search/HyperSearchFolderNode.html'><TITLE>HyperSearchFolderNode</TITLE>
</ENTRY><ENTRY HREF='org/gjt/sp/jedit/search/HyperSearchNode.html'><TITLE>HyperSearchNode</TITLE>
</ENTRY><ENTRY HREF='org/gjt/sp/jedit/search/HyperSearchOperationNode.html'><TITLE>HyperSearchOperationNode</TITLE>
</ENTRY><ENTRY HREF='org/gjt/sp/jedit/search/HyperSearchResult.html'><TITLE>HyperSearchResult</TITLE>
</ENTRY><ENTRY HREF='org/gjt/sp/jedit/search/HyperSearchResult.GotoDelayed.html'><TITLE>HyperSearchResult.GotoDelayed</TITLE>
</ENTRY><ENTRY HREF='org/gjt/sp/jedit/search/HyperSearchResult.Occur.html'><TITLE>HyperSearchResult.Occur</TITLE>
</ENTRY><ENTRY HREF='org/gjt/sp/jedit/search/HyperSearchResults.html'><TITLE>HyperSearchResults</TITLE>
</ENTRY><ENTRY HREF='org/gjt/sp/jedit/search/HyperSearchTreeNodeCallback.html'><TITLE>HyperSearchTreeNodeCallback</TITLE>
</ENTRY><ENTRY HREF='org/gjt/sp/jedit/search/PatternSearchMatcher.html'><TITLE>PatternSearchMatcher</TITLE>
</ENTRY><ENTRY HREF='org/gjt/sp/jedit/search/SearchAndReplace.html'><TITLE>SearchAndReplace</TITLE>
</ENTRY><ENTRY HREF='org/gjt/sp/jedit/search/SearchBar.html'><TITLE>SearchBar</TITLE>
</ENTRY><ENTRY HREF='org/gjt/sp/jedit/search/SearchDialog.html'><TITLE>SearchDialog</TITLE>
</ENTRY><ENTRY HREF='org/gjt/sp/jedit/search/SearchFileSet.html'><TITLE>SearchFileSet</TITLE>
</ENTRY><ENTRY HREF='org/gjt/sp/jedit/search/SearchMatcher.html'><TITLE>SearchMatcher</TITLE>
</ENTRY><ENTRY HREF='org/gjt/sp/jedit/search/SearchMatcher.Match.html'><TITLE>SearchMatcher.Match</TITLE>
</ENTRY></ENTRY><ENTRY HREF='org/gjt/sp/jedit/syntax/package-summary.html'><TITLE>org.gjt.sp.jedit.syntax</TITLE>
<ENTRY HREF='org/gjt/sp/jedit/syntax/Chunk.html'><TITLE>Chunk</TITLE>
</ENTRY><ENTRY HREF='org/gjt/sp/jedit/syntax/DefaultTokenHandler.html'><TITLE>DefaultTokenHandler</TITLE>
</ENTRY><ENTRY HREF='org/gjt/sp/jedit/syntax/DisplayTokenHandler.html'><TITLE>DisplayTokenHandler</TITLE>
</ENTRY><ENTRY HREF='org/gjt/sp/jedit/syntax/DummyTokenHandler.html'><TITLE>DummyTokenHandler</TITLE>
</ENTRY><ENTRY HREF='org/gjt/sp/jedit/syntax/KeywordMap.html'><TITLE>KeywordMap</TITLE>
</ENTRY><ENTRY HREF='org/gjt/sp/jedit/syntax/ModeProvider.html'><TITLE>ModeProvider</TITLE>
</ENTRY><ENTRY HREF='org/gjt/sp/jedit/syntax/ParserRule.html'><TITLE>ParserRule</TITLE>
</ENTRY><ENTRY HREF='org/gjt/sp/jedit/syntax/ParserRuleSet.html'><TITLE>ParserRuleSet</TITLE>
</ENTRY><ENTRY HREF='org/gjt/sp/jedit/syntax/SyntaxStyle.html'><TITLE>SyntaxStyle</TITLE>
</ENTRY><ENTRY HREF='org/gjt/sp/jedit/syntax/SyntaxUtilities.html'><TITLE>SyntaxUtilities</TITLE>
</ENTRY><ENTRY HREF='org/gjt/sp/jedit/syntax/Token.html'><TITLE>Token</TITLE>
</ENTRY><ENTRY HREF='org/gjt/sp/jedit/syntax/TokenHandler.html'><TITLE>TokenHandler</TITLE>
</ENTRY><ENTRY HREF='org/gjt/sp/jedit/syntax/TokenMarker.html'><TITLE>TokenMarker</TITLE>
</ENTRY><ENTRY HREF='org/gjt/sp/jedit/syntax/TokenMarker.LineContext.html'><TITLE>TokenMarker.LineContext</TITLE>
</ENTRY><ENTRY HREF='org/gjt/sp/jedit/syntax/XModeHandler.html'><TITLE>XModeHandler</TITLE>
</ENTRY></ENTRY><ENTRY HREF='org/gjt/sp/jedit/textarea/package-summary.html'><TITLE>org.gjt.sp.jedit.textarea</TITLE>
<ENTRY HREF='org/gjt/sp/jedit/textarea/AntiAlias.html'><TITLE>AntiAlias</TITLE>
</ENTRY><ENTRY HREF='org/gjt/sp/jedit/textarea/CircleFoldPainter.html'><TITLE>CircleFoldPainter</TITLE>
</ENTRY><ENTRY HREF='org/gjt/sp/jedit/textarea/ColumnBlock.html'><TITLE>ColumnBlock</TITLE>
</ENTRY><ENTRY HREF='org/gjt/sp/jedit/textarea/ColumnBlockLine.html'><TITLE>ColumnBlockLine</TITLE>
</ENTRY><ENTRY HREF='org/gjt/sp/jedit/textarea/DisplayManager.html'><TITLE>DisplayManager</TITLE>
</ENTRY><ENTRY HREF='org/gjt/sp/jedit/textarea/ElasticTabStopBufferListener.html'><TITLE>ElasticTabStopBufferListener</TITLE>
</ENTRY><ENTRY HREF='org/gjt/sp/jedit/textarea/ElasticTabstopsTabExpander.html'><TITLE>ElasticTabstopsTabExpander</TITLE>
</ENTRY><ENTRY HREF='org/gjt/sp/jedit/textarea/FoldPainter.html'><TITLE>FoldPainter</TITLE>
</ENTRY><ENTRY HREF='org/gjt/sp/jedit/textarea/Gutter.html'><TITLE>Gutter</TITLE>
</ENTRY><ENTRY HREF='org/gjt/sp/jedit/textarea/GutterPopupHandler.html'><TITLE>GutterPopupHandler</TITLE>
</ENTRY><ENTRY HREF='org/gjt/sp/jedit/textarea/JEditEmbeddedTextArea.html'><TITLE>JEditEmbeddedTextArea</TITLE>
</ENTRY><ENTRY HREF='org/gjt/sp/jedit/textarea/JEditTextArea.html'><TITLE>JEditTextArea</TITLE>
</ENTRY><ENTRY HREF='org/gjt/sp/jedit/textarea/MouseActions.html'><TITLE>MouseActions</TITLE>
</ENTRY><ENTRY HREF='org/gjt/sp/jedit/textarea/MouseActionsProvider.html'><TITLE>MouseActionsProvider</TITLE>
</ENTRY><ENTRY HREF='org/gjt/sp/jedit/textarea/MouseHandler.html'><TITLE>MouseHandler</TITLE>
</ENTRY><ENTRY HREF='org/gjt/sp/jedit/textarea/Node.html'><TITLE>Node</TITLE>
</ENTRY><ENTRY HREF='org/gjt/sp/jedit/textarea/ScrollLayout.html'><TITLE>ScrollLayout</TITLE>
</ENTRY><ENTRY HREF='org/gjt/sp/jedit/textarea/ScrollListener.html'><TITLE>ScrollListener</TITLE>
</ENTRY><ENTRY HREF='org/gjt/sp/jedit/textarea/Selection.html'><TITLE>Selection</TITLE>
</ENTRY><ENTRY HREF='org/gjt/sp/jedit/textarea/Selection.Range.html'><TITLE>Selection.Range</TITLE>
</ENTRY><ENTRY HREF='org/gjt/sp/jedit/textarea/Selection.Rect.html'><TITLE>Selection.Rect</TITLE>
</ENTRY><ENTRY HREF='org/gjt/sp/jedit/textarea/ShapedFoldPainter.html'><TITLE>ShapedFoldPainter</TITLE>
</ENTRY><ENTRY HREF='org/gjt/sp/jedit/textarea/SquareFoldPainter.html'><TITLE>SquareFoldPainter</TITLE>
</ENTRY><ENTRY HREF='org/gjt/sp/jedit/textarea/StandaloneTextArea.html'><TITLE>StandaloneTextArea</TITLE>
</ENTRY><ENTRY HREF='org/gjt/sp/jedit/textarea/StandaloneTextArea.StandaloneActionSet.html'><TITLE>StandaloneTextArea.StandaloneActionSet</TITLE>
</ENTRY><ENTRY HREF='org/gjt/sp/jedit/textarea/StatusListener.html'><TITLE>StatusListener</TITLE>
</ENTRY><ENTRY HREF='org/gjt/sp/jedit/textarea/StructureMatcher.html'><TITLE>StructureMatcher</TITLE>
</ENTRY><ENTRY HREF='org/gjt/sp/jedit/textarea/StructureMatcher.BracketMatcher.html'><TITLE>StructureMatcher.BracketMatcher</TITLE>
</ENTRY><ENTRY HREF='org/gjt/sp/jedit/textarea/StructureMatcher.Highlight.html'><TITLE>StructureMatcher.Highlight</TITLE>
</ENTRY><ENTRY HREF='org/gjt/sp/jedit/textarea/StructureMatcher.Match.html'><TITLE>StructureMatcher.Match</TITLE>
</ENTRY><ENTRY HREF='org/gjt/sp/jedit/textarea/TextArea.html'><TITLE>TextArea</TITLE>
</ENTRY><ENTRY HREF='org/gjt/sp/jedit/textarea/TextArea.LineCharacterBreaker.html'><TITLE>TextArea.LineCharacterBreaker</TITLE>
</ENTRY><ENTRY HREF='org/gjt/sp/jedit/textarea/TextAreaBorder.html'><TITLE>TextAreaBorder</TITLE>
</ENTRY><ENTRY HREF='org/gjt/sp/jedit/textarea/TextAreaException.html'><TITLE>TextAreaException</TITLE>
</ENTRY><ENTRY HREF='org/gjt/sp/jedit/textarea/TextAreaExtension.html'><TITLE>TextAreaExtension</TITLE>
</ENTRY><ENTRY HREF='org/gjt/sp/jedit/textarea/TextAreaMouseHandler.html'><TITLE>TextAreaMouseHandler</TITLE>
</ENTRY><ENTRY HREF='org/gjt/sp/jedit/textarea/TextAreaPainter.html'><TITLE>TextAreaPainter</TITLE>
</ENTRY><ENTRY HREF='org/gjt/sp/jedit/textarea/TextAreaTransferHandler.html'><TITLE>TextAreaTransferHandler</TITLE>
</ENTRY><ENTRY HREF='org/gjt/sp/jedit/textarea/TriangleFoldPainter.html'><TITLE>TriangleFoldPainter</TITLE>
</ENTRY></ENTRY><ENTRY HREF='org/gjt/sp/jedit/visitors/package-summary.html'><TITLE>org.gjt.sp.jedit.visitors</TITLE>
<ENTRY HREF='org/gjt/sp/jedit/visitors/JEditVisitor.html'><TITLE>JEditVisitor</TITLE>
</ENTRY><ENTRY HREF='org/gjt/sp/jedit/visitors/JEditVisitorAdapter.html'><TITLE>JEditVisitorAdapter</TITLE>
</ENTRY><ENTRY HREF='org/gjt/sp/jedit/visitors/SaveCaretInfoVisitor.html'><TITLE>SaveCaretInfoVisitor</TITLE>
</ENTRY></ENTRY><ENTRY HREF='org/gjt/sp/util/package-summary.html'><TITLE>org.gjt.sp.util</TITLE>
<ENTRY HREF='org/gjt/sp/util/AwtRunnableQueue.html'><TITLE>AwtRunnableQueue</TITLE>
</ENTRY><ENTRY HREF='org/gjt/sp/util/EnhancedTreeCellRenderer.html'><TITLE>EnhancedTreeCellRenderer</TITLE>
</ENTRY><ENTRY HREF='org/gjt/sp/util/GenericGUIUtilities.html'><TITLE>GenericGUIUtilities</TITLE>
</ENTRY><ENTRY HREF='org/gjt/sp/util/HtmlUtilities.html'><TITLE>HtmlUtilities</TITLE>
</ENTRY><ENTRY HREF='org/gjt/sp/util/IOUtilities.html'><TITLE>IOUtilities</TITLE>
</ENTRY><ENTRY HREF='org/gjt/sp/util/IntegerArray.html'><TITLE>IntegerArray</TITLE>
</ENTRY><ENTRY HREF='org/gjt/sp/util/Log.html'><TITLE>Log</TITLE>
</ENTRY><ENTRY HREF='org/gjt/sp/util/ProgressObserver.html'><TITLE>ProgressObserver</TITLE>
</ENTRY><ENTRY HREF='org/gjt/sp/util/PropertiesBean.html'><TITLE>PropertiesBean</TITLE>
</ENTRY><ENTRY HREF='org/gjt/sp/util/ReverseCharSequence.html'><TITLE>ReverseCharSequence</TITLE>
</ENTRY><ENTRY HREF='org/gjt/sp/util/SegmentBuffer.html'><TITLE>SegmentBuffer</TITLE>
</ENTRY><ENTRY HREF='org/gjt/sp/util/SegmentCharSequence.html'><TITLE>SegmentCharSequence</TITLE>
</ENTRY><ENTRY HREF='org/gjt/sp/util/StandardUtilities.html'><TITLE>StandardUtilities</TITLE>
</ENTRY><ENTRY HREF='org/gjt/sp/util/StandardUtilities.StringCompare.html'><TITLE>StandardUtilities.StringCompare</TITLE>
</ENTRY><ENTRY HREF='org/gjt/sp/util/StringList.html'><TITLE>StringList</TITLE>
</ENTRY><ENTRY HREF='org/gjt/sp/util/StringModel.html'><TITLE>StringModel</TITLE>
</ENTRY><ENTRY HREF='org/gjt/sp/util/SyntaxUtilities.html'><TITLE>SyntaxUtilities</TITLE>
</ENTRY><ENTRY HREF='org/gjt/sp/util/Task.html'><TITLE>Task</TITLE>
</ENTRY><ENTRY HREF='org/gjt/sp/util/TaskAdapter.html'><TITLE>TaskAdapter</TITLE>
</ENTRY><ENTRY HREF='org/gjt/sp/util/TaskListener.html'><TITLE>TaskListener</TITLE>
</ENTRY><ENTRY HREF='org/gjt/sp/util/TaskManager.html'><TITLE>TaskManager</TITLE>
</ENTRY><ENTRY HREF='org/gjt/sp/util/TaskManager.TaskVisitor.html'><TITLE>TaskManager.TaskVisitor</TITLE>
</ENTRY><ENTRY HREF='org/gjt/sp/util/ThreadAbortMonitor.html'><TITLE>ThreadAbortMonitor</TITLE>
</ENTRY><ENTRY HREF='org/gjt/sp/util/ThreadUtilities.html'><TITLE>ThreadUtilities</TITLE>
</ENTRY><ENTRY HREF='org/gjt/sp/util/XMLUtilities.html'><TITLE>XMLUtilities</TITLE>
</ENTRY></ENTRY><ENTRY HREF='org/gjt/sp/util/swing/event/package-summary.html'><TITLE>org.gjt.sp.util.swing.event</TITLE>
<ENTRY HREF='org/gjt/sp/util/swing/event/UniqueActionDocumentListener.html'><TITLE>UniqueActionDocumentListener</TITLE>
</ENTRY></ENTRY><ENTRY HREF='org/jedit/core/package-summary.html'><TITLE>org.jedit.core</TITLE>
<ENTRY HREF='org/jedit/core/FileOpenerService.html'><TITLE>FileOpenerService</TITLE>
</ENTRY><ENTRY HREF='org/jedit/core/MigrationService.html'><TITLE>MigrationService</TITLE>
</ENTRY></ENTRY><ENTRY HREF='org/jedit/io/package-summary.html'><TITLE>org.jedit.io</TITLE>
<ENTRY HREF='org/jedit/io/HttpException.html'><TITLE>HttpException</TITLE>
</ENTRY><ENTRY HREF='org/jedit/io/Native2ASCIIEncoding.html'><TITLE>Native2ASCIIEncoding</TITLE>
</ENTRY></ENTRY><ENTRY HREF='org/jedit/keymap/package-summary.html'><TITLE>org.jedit.keymap</TITLE>
<ENTRY HREF='org/jedit/keymap/EmacsUtil.html'><TITLE>EmacsUtil</TITLE>
</ENTRY><ENTRY HREF='org/jedit/keymap/Keymap.html'><TITLE>Keymap</TITLE>
</ENTRY><ENTRY HREF='org/jedit/keymap/KeymapFileFilter.html'><TITLE>KeymapFileFilter</TITLE>
</ENTRY><ENTRY HREF='org/jedit/keymap/KeymapManager.html'><TITLE>KeymapManager</TITLE>
</ENTRY><ENTRY HREF='org/jedit/keymap/KeymapManager.State.html'><TITLE>KeymapManager.State</TITLE>
</ENTRY><ENTRY HREF='org/jedit/keymap/KeymapManagerImpl.html'><TITLE>KeymapManagerImpl</TITLE>
</ENTRY></ENTRY><ENTRY HREF='org/jedit/migration/package-summary.html'><TITLE>org.jedit.migration</TITLE>
<ENTRY HREF='org/jedit/migration/CheckFileStatus.html'><TITLE>CheckFileStatus</TITLE>
</ENTRY><ENTRY HREF='org/jedit/migration/KeymapMigration.html'><TITLE>KeymapMigration</TITLE>
</ENTRY><ENTRY HREF='org/jedit/migration/OneTimeMigrationService.html'><TITLE>OneTimeMigrationService</TITLE>
</ENTRY></ENTRY><ENTRY HREF='org/jedit/misc/package-summary.html'><TITLE>org.jedit.misc</TITLE>
<ENTRY HREF='org/jedit/misc/LineSepType.html'><TITLE>LineSepType</TITLE>
</ENTRY></ENTRY><ENTRY HREF='org/jedit/options/package-summary.html'><TITLE>org.jedit.options</TITLE>
<ENTRY HREF='org/jedit/options/CombinedOptions.html'><TITLE>CombinedOptions</TITLE>
</ENTRY><ENTRY HREF='org/jedit/options/GlobalOptionGroup.html'><TITLE>GlobalOptionGroup</TITLE>
</ENTRY><ENTRY HREF='org/jedit/options/OptionGroupPane.html'><TITLE>OptionGroupPane</TITLE>
</ENTRY><ENTRY HREF='org/jedit/options/OptionTreeModel.html'><TITLE>OptionTreeModel</TITLE>
</ENTRY><ENTRY HREF='org/jedit/options/PluginOptionGroup.html'><TITLE>PluginOptionGroup</TITLE>
</ENTRY><ENTRY HREF='org/jedit/options/PluginOptionGroup.NoPluginsPane.html'><TITLE>PluginOptionGroup.NoPluginsPane</TITLE>
</ENTRY><ENTRY HREF='org/jedit/options/TabbedOptionDialog.html'><TITLE>TabbedOptionDialog</TITLE>
</ENTRY></ENTRY><ENTRY HREF='org/jedit/util/package-summary.html'><TITLE>org.jedit.util</TITLE>
<ENTRY HREF='org/jedit/util/CleanerService.html'><TITLE>CleanerService</TITLE>
</ENTRY><ENTRY HREF='org/jedit/util/SystemManager.html'><TITLE>SystemManager</TITLE>
</ENTRY></ENTRY></ENTRY></TOC>
